{
    "Main Negative Relay Sticking Fault": 0.5327695605284358,
    "Abnomal Tributary Board Comms of Unit *": 0.08624520481452326,
    "Neutral Point Potential Shift Of Unit *": 0.06508719389427432,
    "SOC Low Warning Level 1": 0.059771796523744716,
    "SCADA IO HVAC Low Temp Alarm": 0.04048652787691979,
    "GFRT running of Unit *": 0.0352586691315774,
    "Islanding Protection Of Unit *": 0.03306581703415306,
    "PCS Comms Loss": 0.03218457351107976,
    "SOC Low Warning Level 2": 0.028490532895715792,
    "Main Positive Relay Sticking Fault": 0.016710672001321723,
    "SBMU Communication Lost - Warning": 0.00967125281091149,
    "Main Negative Relay Open Circuit Fault": 0.007069671111743443,
    "Both Main Positive Relay and Main Negative Relay Sticking Fault": 0.005942657002233315,
    "Battery Rack Door (Travel Switch) Fault": 0.0056227934563466905,
    "EMS Communication Lost - Fault": 0.005468450577464904,
    "MSD Fault": 0.004997729297655462,
    "Fire System Failure Warning": 0.0038438925418361057,
    "SCADA IO Intrusion Alarm * *": 0.0038421983698974107,
    "Fan * Fault Of Unit *": 0.003125695942193026,
    "Module Overtemperature Of Unit *": 0.002908116266857837,
    "Low Pressure Underpressure (*KW)": 0.0024627859045178334,
    "Rack Isolate Switch Fault": 0.001579066933984064,
    "SCADA IO HVAC High Temp": 0.0015770959042687447,
    "Single Rack Under Voltage Warning Level 2": 0.0011894169496183993,
    "HV Circuit Open Circuit Fault": 0.0011604434011308956,
    "Winding Temperature Alarm": 0.0011537812521264588,
    "Drive Board Fault Of Unit *": 0.001028169115422747,
    "Big Voltage Difference Between Cells Warning": 0.0010105353892408608,
    "Single Temperature Sampling Abnormal Fault": 0.0009606118464756849,
    "SCADA IO HVAC Lockout *": 0.0007391007659182768,
    "Single Cell Under Voltage Warning Level 1": 0.0006776479396440896,
    "Centralized TMS Fault Level 2": 0.0005154557259659193,
    "Temperature abnormal alarm of Unit *": 0.0004412237211486295,
    "Module Protection Of Unit *": 0.0003850208207110023,
    "Inner Communication Fault (MCAN)": 0.00033530960719123056,
    "Rack Fuse Fault": 0.00027637839708421553,
    "Running Bus Voltage Differential": 0.0002745126539570134,
    "SBMU Communication Lost - Fault": 0.00025892252390418,
    "Bus Voltage Differential": 0.00024168314762355907,
    "AC Undervoltage Of Unit *": 0.00018402470429191745,
    "Electrical Rack Fan Warning": 0.00017307025836391717,
    "Inner Communication Fault (CCAN)": 0.00017143312398187942,
    "UPS ACDC Failure Warning": 0.00011207603480779147,
    "Big Temperature Difference Between Cells Warning Level 3": 9.890508843873849e-05,
    "Single Cell Under Temperature Warning Level 3": 9.374328831329391e-05,
    "BMS Comms Loss": 8.141613076355644e-05,
    "Comms Failure between SCU and DSP": 6.446710288796489e-05,
    "Centralized TMS Communication Warning": 6.172913594092326e-05,
    "FSS - Trouble Signal": 3.405338802884577e-05,
    "FSS-IO Comms Loss Alarm": 2.424846301067484e-05,
    "Abnormal Comms Between SCU and Metering Board": 1.8504539685322376e-05,
    "Charge Over Current Warning Level 1": 1.6786292750845387e-05,
    "AC Current Imbalance * Of Unit *": 1.5833481482834406e-05,
    "UPS Failure Fault": 9.809737773206655e-06,
    "Low insulation resistance alarm of Unit *": 8.350723045051081e-06,
    "UPS DCDC Failure Warning": 1.0029663433268168e-06,
    "Centralized TMS Mode Conflict Fault": 3.7795127091325e-07,
    "DC Overvoltage Of Unit *": 0.0,
    "DC Voltage Sampling Fault Of Unit *": 0.0,
    "DC Undervoltage Of Unit *": 0.0,
    "AC Overvoltage Of Unit *": 0.0,
    "AC Overfrequency Of Unit *": 0.0,
    "AC Overcurrent Of Unit *": 0.0,
    "AC SPD Fault Of Unit *": 0.0,
    "AC Underfrequency Of Unit *": 0.0,
    "AC Switch Fault Of Unit *": 0.0,
    "Abnormal Distribution Power Supply": 0.0,
    "Discharge Over Current Warning Level 1": 0.0,
    "Ambient Temperature Abnormal Of Unit *": 0.0,
    "Big Temperature Difference Between Cells Warning Level 2": 0.0,
    "Battery voltage low of Unit *": 0.0,
    "BMS and TMS CAN Communication Fault": 0.0,
    "Breaker Tripped": 0.0,
    "Big Temperature Difference Between Cells Warning Level 1": 0.0,
    "Centralized TMS Communication Fault": 0.0,
    "Alarm": 0.0,
    "FSS - Initial Alarm": 0.0,
    "E-STOP Fault": 0.0,
    "Charge Over Current Fault Level 4": 0.0,
    "Compressor Controller Failure (*KW)": 0.0,
    "Multiple Temperature Sampling Abnormal Fault": 0.0,
    "Main Positive Relay Open Circuit Fault": 0.0,
    "LCD-DSP Fault Of Unit *": 0.0,
    "Overload Protection Of Unit *": 0.0,
    "Heartbeat Stop": 0.0,
    "Hardware Fault Of Unit *": 0.0,
    "Fire System Fault Level 1 MBMU": 0.0,
    "Fire System Fault Level 2 MBMU": 0.0,
    "Invalid Cell Voltage Fault": 0.0,
    "Inlet Temperature Sensor Failure": 0.0,
    "Local Emergency Stop": 0.0,
    "Fan * abnormal of Unit *": 0.0,
    "Pump * Fault": 0.0,
    "Precharging Failed Twice Fault": 0.0,
    "Outlet Temperature Sensor Failure (*KW)": 0.0,
    "Single Cell Over Temperature Warning Level 3": 0.0,
    "Single Cell Extreme Over Voltage Fault": 0.0,
    "Reactor Overtemperature Of Unit *": 0.0,
    "Single Cell Over Temperature Fault Level 4": 0.0,
    "Single Cell Extreme Under Voltage Fault": 0.0,
    "Single Cell Over Voltage Warning Level 1": 0.0,
    "Single Rack Under Voltage Warning Level 1": 0.0,
    "Single Cell Under Voltage Warning Level 2": 0.0,
    "Single Cell Under Temperature Warning Level 1": 0.0,
    "Single Cell Under Temperature Warning Level 2": 0.0,
    "Single Cell Under Voltage Warning Level 3": 0.0,
    "Transformer Overtemperature Of Unit *": 0.0,
    "Soft Start Fault Of Unit *": 0.0
}