{
    "Main Negative Relay Sticking Fault": 0.3505651073413187,
    "Neutral Point Potential Shift Of Unit *": 0.12792141702292723,
    "SOC Low Warning Level 1": 0.11984402515551965,
    "Abnomal Tributary Board Comms of Unit *": 0.06215689237075372,
    "SOC Low Warning Level 2": 0.04409822368552811,
    "GFRT running of Unit *": 0.04168191085673558,
    "SBMU Communication Lost - Warning": 0.04131310274224294,
    "SCADA IO HVAC Low Temp Alarm": 0.026743035486960172,
    "Islanding Protection Of Unit *": 0.02194944906593308,
    "PCS Comms Loss": 0.021514810931836915,
    "Centralized TMS Fault Level 2": 0.015646509429047196,
    "SCADA IO HVAC Lockout *": 0.013522760421526394,
    "Rack Isolate Switch Fault": 0.01343767524253014,
    "Main Positive Relay Sticking Fault": 0.012595200252400084,
    "Winding Temperature Alarm": 0.009954237738687028,
    "Ambient Temperature Abnormal Of Unit *": 0.005804758114493903,
    "SCADA IO HVAC High Temp": 0.005394590297380486,
    "Both Main Positive Relay and Main Negative Relay Sticking Fault": 0.005027351320918808,
    "Main Negative Relay Open Circuit Fault": 0.004901849897837904,
    "Battery Rack Door (Travel Switch) Fault": 0.004464592787554429,
    "EMS Communication Lost - Fault": 0.004242407064562967,
    "SCADA IO Intrusion Alarm * *": 0.004214676702178559,
    "Running Bus Voltage Differential": 0.004003133289738722,
    "MSD Fault": 0.0034221187141435516,
    "SBMU Communication Lost - Fault": 0.0033904626228628957,
    "HV Circuit Open Circuit Fault": 0.003019411987418369,
    "Single Rack Under Voltage Warning Level 2": 0.002685157060459021,
    "Fire System Failure Warning": 0.002537428678064019,
    "Hardware Fault Of Unit *": 0.0024325089405626004,
    "Electrical Rack Fan Warning": 0.002359524574647916,
    "Soft Start Fault Of Unit *": 0.0021107956502190886,
    "Drive Board Fault Of Unit *": 0.0021023077343408107,
    "Fan * Fault Of Unit *": 0.0020683273610621463,
    "Module Overtemperature Of Unit *": 0.001923145546282465,
    "Low Pressure Underpressure (*KW)": 0.0016097517099893772,
    "Module Protection Of Unit *": 0.001480783806314291,
    "Big Voltage Difference Between Cells Warning": 0.0014726075339475519,
    "Rack Fuse Fault": 0.0008815809789133478,
    "Single Temperature Sampling Abnormal Fault": 0.0008350367581912049,
    "Compressor Controller Failure (*KW)": 0.0007976215690795219,
    "Centralized TMS Mode Conflict Fault": 0.0006286910194260786,
    "Inner Communication Fault (MCAN)": 0.0005124733898603463,
    "Single Cell Under Voltage Warning Level 1": 0.00044293128672360913,
    "Temperature abnormal alarm of Unit *": 0.0003561552626514377,
    "BMS Comms Loss": 0.0002836359975800488,
    "Inner Communication Fault (CCAN)": 0.000209885039287585,
    "Centralized TMS Communication Warning": 0.00020502861181080542,
    "Single Cell Over Temperature Fault Level 4": 0.00019544109416138502,
    "Bus Voltage Differential": 0.00015797144991326717,
    "AC Undervoltage Of Unit *": 0.00012028413914127895,
    "Pump * Fault": 0.00011464341515980197,
    "UPS ACDC Failure Warning": 8.614933593769057e-05,
    "Overload Protection Of Unit *": 7.780092809705932e-05,
    "Big Temperature Difference Between Cells Warning Level 3": 6.464737147830991e-05,
    "Single Cell Under Temperature Warning Level 3": 6.12734620518693e-05,
    "FSS-IO Comms Loss Alarm": 4.9220131200675466e-05,
    "Multiple Temperature Sampling Abnormal Fault": 4.820607828836665e-05,
    "Comms Failure between SCU and DSP": 4.4613240493287605e-05,
    "Invalid Cell Voltage Fault": 3.6006359752625666e-05,
    "UPS Failure Fault": 2.9101104555832906e-05,
    "AC Overcurrent Of Unit *": 2.7375584188769775e-05,
    "Outlet Temperature Sensor Failure (*KW)": 2.5340345972564712e-05,
    "FSS - Trouble Signal": 2.3199346152479214e-05,
    "Inlet Temperature Sensor Failure": 1.855532533223694e-05,
    "Abnormal Comms Between SCU and Metering Board": 1.2095129481767053e-05,
    "Charge Over Current Warning Level 1": 1.0972031068752603e-05,
    "AC Current Imbalance * Of Unit *": 1.0349244668536416e-05,
    "Low insulation resistance alarm of Unit *": 5.458286356422232e-06,
    "BMS and TMS CAN Communication Fault": 3.9408369150717486e-06,
    "E-STOP Fault": 3.503432939999348e-06,
    "Fire System Fault Level 1 MBMU": 3.4239008150613583e-06,
    "Fire System Fault Level 2 MBMU": 3.4009829657401027e-06,
    "FSS - Initial Alarm": 9.781089046619765e-07,
    "UPS DCDC Failure Warning": 6.555692816295495e-07,
    "Heartbeat Stop": 3.0471227415103876e-07,
    "AC Overfrequency Of Unit *": 0.0,
    "Alarm": 0.0,
    "Abnormal Distribution Power Supply": 0.0,
    "Breaker Tripped": 0.0,
    "Battery voltage low of Unit *": 0.0,
    "AC SPD Fault Of Unit *": 0.0,
    "AC Underfrequency Of Unit *": 0.0,
    "AC Overvoltage Of Unit *": 0.0,
    "AC Switch Fault Of Unit *": 0.0,
    "Centralized TMS Communication Fault": 0.0,
    "Discharge Over Current Warning Level 1": 0.0,
    "DC Voltage Sampling Fault Of Unit *": 0.0,
    "Big Temperature Difference Between Cells Warning Level 2": 0.0,
    "Big Temperature Difference Between Cells Warning Level 1": 0.0,
    "Charge Over Current Fault Level 4": 0.0,
    "DC Undervoltage Of Unit *": 0.0,
    "DC Overvoltage Of Unit *": 0.0,
    "Local Emergency Stop": 0.0,
    "LCD-DSP Fault Of Unit *": 0.0,
    "Fan * abnormal of Unit *": 0.0,
    "Precharging Failed Twice Fault": 0.0,
    "Reactor Overtemperature Of Unit *": 0.0,
    "Main Positive Relay Open Circuit Fault": 0.0,
    "Single Cell Over Voltage Warning Level 1": 0.0,
    "Single Cell Extreme Over Voltage Fault": 0.0,
    "Single Cell Under Temperature Warning Level 1": 0.0,
    "Single Cell Extreme Under Voltage Fault": 0.0,
    "Single Cell Over Temperature Warning Level 3": 0.0,
    "Single Rack Under Voltage Warning Level 1": 0.0,
    "Single Cell Under Voltage Warning Level 2": 0.0,
    "Single Cell Under Voltage Warning Level 3": 0.0,
    "Single Cell Under Temperature Warning Level 2": 0.0,
    "Transformer Overtemperature Of Unit *": 0.0
}