{
    "Neutral Point Potential Shift Of Unit *": 0.24649520782285617,
    "SOC Low Warning Level 1": 0.23320568566471822,
    "SBMU Communication Lost - Warning": 0.10102409951224277,
    "SOC Low Warning Level 2": 0.07355133013664086,
    "GFRT running of Unit *": 0.053803141655067395,
    "Centralized TMS Fault Level 2": 0.044200159128799835,
    "SCADA IO HVAC Lockout *": 0.03764666790675078,
    "Rack Isolate Switch Fault": 0.035815928219046056,
    "Winding Temperature Alarm": 0.02656148510203455,
    "Ambient Temperature Abnormal Of Unit *": 0.016758855102419,
    "Abnomal Tributary Board Comms of Unit *": 0.016700095450026188,
    "SCADA IO HVAC High Temp": 0.012598543159532119,
    "Running Bus Voltage Differential": 0.011039373434448487,
    "SBMU Communication Lost - Fault": 0.009299958469023767,
    "Hardware Fault Of Unit *": 0.007022870560004657,
    "Main Negative Relay Sticking Fault": 0.006729031405611444,
    "HV Circuit Open Circuit Fault": 0.006527451735164929,
    "Electrical Rack Fan Warning": 0.006485559142813647,
    "Soft Start Fault Of Unit *": 0.006094055558406706,
    "Single Rack Under Voltage Warning Level 2": 0.0055077522349190194,
    "SCADA IO Intrusion Alarm * *": 0.004917576581420818,
    "Main Positive Relay Sticking Fault": 0.004828937507327227,
    "Drive Board Fault Of Unit *": 0.004129303240101044,
    "Module Protection Of Unit *": 0.00354858642329264,
    "Both Main Positive Relay and Main Negative Relay Sticking Fault": 0.003300087753866258,
    "Big Voltage Difference Between Cells Warning": 0.0023445789389053896,
    "Compressor Controller Failure (*KW)": 0.0023028047059172312,
    "Battery Rack Door (Travel Switch) Fault": 0.002278964686057509,
    "Rack Fuse Fault": 0.0020236523017727655,
    "EMS Communication Lost - Fault": 0.0019287534571524648,
    "Centralized TMS Mode Conflict Fault": 0.001814373893991911,
    "PCS Comms Loss": 0.0013800160229279295,
    "Islanding Protection Of Unit *": 0.0009718699014716946,
    "Inner Communication Fault (MCAN)": 0.0008467972703437588,
    "Main Negative Relay Open Circuit Fault": 0.0008109776579920956,
    "SCADA IO HVAC Low Temp Alarm": 0.0008078379088688688,
    "BMS Comms Loss": 0.0006652429466210741,
    "Single Temperature Sampling Abnormal Fault": 0.0005980653514239166,
    "Single Cell Over Temperature Fault Level 4": 0.0005642558937866178,
    "Centralized TMS Communication Warning": 0.00047544752092574264,
    "MSD Fault": 0.00044880082448063157,
    "Pump * Fault": 0.0003309857784275819,
    "Inner Communication Fault (CCAN)": 0.00028244723762940234,
    "Overload Protection Of Unit *": 0.0002246182278563411,
    "Temperature abnormal alarm of Unit *": 0.00019562348396030016,
    "Multiple Temperature Sampling Abnormal Fault": 0.0001391752533276814,
    "Invalid Cell Voltage Fault": 0.00010395357635198128,
    "FSS-IO Comms Loss Alarm": 9.634389930748831e-05,
    "AC Overcurrent Of Unit *": 7.903575648021037e-05,
    "Outlet Temperature Sensor Failure (*KW)": 7.31598419818747e-05,
    "Fan * Fault Of Unit *": 7.297841434686378e-05,
    "Fire System Failure Warning": 7.201468617944161e-05,
    "UPS Failure Fault": 6.550563659634648e-05,
    "Module Overtemperature Of Unit *": 6.441782832486786e-05,
    "Inlet Temperature Sensor Failure": 5.3570881419632706e-05,
    "UPS ACDC Failure Warning": 3.722333964325674e-05,
    "BMS and TMS CAN Communication Fault": 1.1377548131944765e-05,
    "E-STOP Fault": 1.0114723791141107e-05,
    "Fire System Fault Level 1 MBMU": 9.885107443390937e-06,
    "Fire System Fault Level 2 MBMU": 9.818941565595789e-06,
    "Comms Failure between SCU and DSP": 7.147228996066884e-06,
    "FSS - Initial Alarm": 2.8238877631587555e-06,
    "FSS - Trouble Signal": 2.716799751820804e-06,
    "Heartbeat Stop": 8.797315494809489e-07,
    "AC Undervoltage Of Unit *": 0.0,
    "AC Current Imbalance * Of Unit *": 0.0,
    "AC Overfrequency Of Unit *": 0.0,
    "AC Switch Fault Of Unit *": 0.0,
    "AC Overvoltage Of Unit *": 0.0,
    "AC SPD Fault Of Unit *": 0.0,
    "AC Underfrequency Of Unit *": 0.0,
    "Battery voltage low of Unit *": 0.0,
    "Breaker Tripped": 0.0,
    "Abnormal Comms Between SCU and Metering Board": 0.0,
    "Abnormal Distribution Power Supply": 0.0,
    "Alarm": 0.0,
    "DC Overvoltage Of Unit *": 0.0,
    "DC Undervoltage Of Unit *": 0.0,
    "Charge Over Current Warning Level 1": 0.0,
    "Charge Over Current Fault Level 4": 0.0,
    "DC Voltage Sampling Fault Of Unit *": 0.0,
    "Discharge Over Current Warning Level 1": 0.0,
    "Bus Voltage Differential": 0.0,
    "Centralized TMS Communication Fault": 0.0,
    "Big Temperature Difference Between Cells Warning Level 3": 0.0,
    "Big Temperature Difference Between Cells Warning Level 2": 0.0,
    "Big Temperature Difference Between Cells Warning Level 1": 0.0,
    "Low insulation resistance alarm of Unit *": 0.0,
    "Fan * abnormal of Unit *": 0.0,
    "LCD-DSP Fault Of Unit *": 0.0,
    "Local Emergency Stop": 0.0,
    "Low Pressure Underpressure (*KW)": 0.0,
    "Precharging Failed Twice Fault": 0.0,
    "Main Positive Relay Open Circuit Fault": 0.0,
    "Single Cell Over Voltage Warning Level 1": 0.0,
    "Single Cell Extreme Over Voltage Fault": 0.0,
    "Reactor Overtemperature Of Unit *": 0.0,
    "Single Cell Over Temperature Warning Level 3": 0.0,
    "Single Cell Extreme Under Voltage Fault": 0.0,
    "Single Cell Under Temperature Warning Level 1": 0.0,
    "Single Rack Under Voltage Warning Level 1": 0.0,
    "Single Cell Under Voltage Warning Level 3": 0.0,
    "Single Cell Under Voltage Warning Level 2": 0.0,
    "Single Cell Under Voltage Warning Level 1": 0.0,
    "Single Cell Under Temperature Warning Level 2": 0.0,
    "Single Cell Under Temperature Warning Level 3": 0.0,
    "Transformer Overtemperature Of Unit *": 0.0,
    "UPS DCDC Failure Warning": 0.0
}