{
    "SOC Low Warning Level 1": 0.9603156535386222,
    "Single Rack Under Voltage Warning Level 2": 0.022680324761075357,
    "Drive Board Fault Of Unit 2": 0.017004021700302466,
    "Insulation Resistance Of Unit 2": 0.0
}