{
    "SOC Low Warning Level 1": 0.9615870371387825,
    "Single Rack Under Voltage Warning Level 2": 0.021544772204274993,
    "Drive Board Fault Of Unit 2": 0.016868190656942568,
    "Insulation Resistance Of Unit 2": 0.0
}