{
    "SOC Low Warning Level 1": 0.96422635663672,
    "Single Rack Under Voltage Warning Level 2": 0.01918743016862326,
    "Drive Board Fault Of Unit 2": 0.016586213194656776,
    "Insulation Resistance Of Unit 2": 0.0
}